{
  "id": "2871233",
  "name": "bs",
  "font_family": "iconfont",
  "css_prefix_text": "icon-",
  "description": "",
  "glyphs": [
    {
      "icon_id": "3506928",
      "name": "qq",
      "font_class": "qq",
      "unicode": "e601",
      "unicode_decimal": 58881
    },
    {
      "icon_id": "6684308",
      "name": "微信",
      "font_class": "weixin",
      "unicode": "e637",
      "unicode_decimal": 58935
    },
    {
      "icon_id": "745284",
      "name": "个人中心",
      "font_class": "icon03",
      "unicode": "e602",
      "unicode_decimal": 58882
    },
    {
      "icon_id": "1141915",
      "name": "售后服务",
      "font_class": "shouhoufuwu",
      "unicode": "e607",
      "unicode_decimal": 58887
    },
    {
      "icon_id": "3456452",
      "name": "购物车",
      "font_class": "gouwuche",
      "unicode": "e70b",
      "unicode_decimal": 59147
    },
    {
      "icon_id": "22902546",
      "name": "icon_dingbu",
      "font_class": "icon_dingbu",
      "unicode": "e80b",
      "unicode_decimal": 59403
    },
    {
      "icon_id": "22612675",
      "name": "人工客服",
      "font_class": "rengongkefu",
      "unicode": "e600",
      "unicode_decimal": 58880
    },
    {
      "icon_id": "15466221",
      "name": "icon-geren",
      "font_class": "icon-geren",
      "unicode": "e603",
      "unicode_decimal": 58883
    },
    {
      "icon_id": "765544",
      "name": "订单",
      "font_class": "shouye",
      "unicode": "e626",
      "unicode_decimal": 58918
    },
    {
      "icon_id": "4033837",
      "name": "钱包",
      "font_class": "qianbao",
      "unicode": "e631",
      "unicode_decimal": 58929
    },
    {
      "icon_id": "5532917",
      "name": "个人中心",
      "font_class": "gerenzhongxin",
      "unicode": "e63c",
      "unicode_decimal": 58940
    },
    {
      "icon_id": "8159881",
      "name": "退出",
      "font_class": "tuichu",
      "unicode": "e641",
      "unicode_decimal": 58945
    },
    {
      "icon_id": "9954444",
      "name": "维保内容管理",
      "font_class": "weibaoneirongguanli",
      "unicode": "e636",
      "unicode_decimal": 58934
    },
    {
      "icon_id": "11488209",
      "name": "vip",
      "font_class": "vip",
      "unicode": "e773",
      "unicode_decimal": 59251
    },
    {
      "icon_id": "13800983",
      "name": "签到抽奖",
      "font_class": "qiandaochoujiang",
      "unicode": "e63e",
      "unicode_decimal": 58942
    },
    {
      "icon_id": "5387521",
      "name": "菜单",
      "font_class": "caidan",
      "unicode": "eaf1",
      "unicode_decimal": 60145
    },
    {
      "icon_id": "765220",
      "name": "验证码",
      "font_class": "yanzhengma",
      "unicode": "e71c",
      "unicode_decimal": 59164
    },
    {
      "icon_id": "4552970",
      "name": "邮箱",
      "font_class": "youxiang",
      "unicode": "e908",
      "unicode_decimal": 59656
    }
  ]
}
